{"cameraMode":{"drawMode":0,"name":"Shaded","section":"Shading Mode"},"sceneLighting":true,"audioPlay":false,"sceneViewState":{"m_AlwaysRefresh":false,"showFog":true,"showSkybox":true,"showFlares":true,"showImageEffects":true,"showParticleSystems":true,"showVisualEffectGraphs":true,"m_FxEnabled":true},"in2DMode":false,"pivot":{"x":1.2210979461669922,"y":1.2663230895996094,"z":0.4403496980667114},"rotation":{"x":0.17828767001628877,"y":0.11326602101325989,"z":-0.02010251022875309,"w":0.9776843786239624},"size":5.990368843078613,"orthographic":false}