{"cameraMode":{"drawMode":0,"name":"Shaded","section":"Shading Mode"},"sceneLighting":false,"audioPlay":false,"sceneViewState":{"m_AlwaysRefresh":false,"showFog":true,"showSkybox":false,"showFlares":true,"showImageEffects":true,"showParticleSystems":true,"showVisualEffectGraphs":true,"m_FxEnabled":true},"in2DMode":false,"pivot":{"x":-7.8056840896606449,"y":-2.387885332107544,"z":-15.908164024353028},"rotation":{"x":0.015311096794903279,"y":-0.9771966934204102,"z":0.07827962934970856,"w":0.19896940886974336},"size":12.12435531616211,"orthographic":false}