{"cameraMode":{"drawMode":0,"name":"Shaded","section":"Shading Mode"},"sceneLighting":false,"audioPlay":false,"sceneViewState":{"m_AlwaysRefresh":false,"showFog":true,"showSkybox":false,"showFlares":true,"showImageEffects":true,"showParticleSystems":true,"showVisualEffectGraphs":true,"m_FxEnabled":true},"in2DMode":false,"pivot":{"x":0.021396398544311525,"y":0.14120888710021974,"z":-0.020576000213623048},"rotation":{"x":0.015311096794903279,"y":-0.9771966934204102,"z":0.07827962934970856,"w":0.19896940886974336},"size":3.6972415447235109,"orthographic":false}